{"Title":"The Shawshank Redemption","Year":"1994","Rated":"R","Released":"14 Oct 1994","Runtime":"2 h 22 min","Genre":"Crime, Drama","Director":"Frank Darabont","Writer":"Stephen King, Frank Darabont","Actors":"Tim Robbins, Morgan Freeman, Bob Gunton, William Sadler","Plot":"Two imprisoned men bond over a number of years, finding solace and eventual redemption through acts of common decency.","Poster":"http:\/\/ia.media-imdb.com\/images\/M\/MV5BODU4MjU4NjIwNl5BMl5BanBnXkFtZTgwMDU2MjEyMDE@._V1_SX300.jpg","imdbRating":"9.3","imdbVotes":"1,078,045","imdbID":"tt0111161","Type":"movie","Response":"True","0":{"trailer":"https:\/\/www.youtube.com\/v\/6hB3S9bIaco?version=3&amp;f=videos&amp;app=youtube_gdata"}}