{"Title":"Fight Club","Year":"1999","Rated":"R","Released":"15 Oct 1999","Runtime":"2 h 19 min","Genre":"Drama","Director":"David Fincher","Writer":"Chuck Palahniuk, Jim Uhls","Actors":"Brad Pitt, Edward Norton, Helena Bonham Carter, Meat Loaf","Plot":"An insomniac office worker looking for a way to change his life crosses paths with a devil-may-care soap maker and they form an underground fight club that evolves into something much, much more...","Poster":"http:\/\/ia.media-imdb.com\/images\/M\/MV5BMjIwNTYzMzE1M15BMl5BanBnXkFtZTcwOTE5Mzg3OA@@._V1_SX300.jpg","imdbRating":"8.8","imdbVotes":"819,812","imdbID":"tt0137523","Type":"movie","Response":"True","0":{"trailer":"https:\/\/www.youtube.com\/v\/SUXWAEX2jlg?version=3&amp;f=videos&amp;app=youtube_gdata"}}