{"Title":"Indiana Jones and the Last Crusade","Year":"1989","Rated":"E","Released":"24 May 1989","Runtime":"2 h 7 min","Genre":"Action, Adventure","Director":"Steven Spielberg","Writer":"Jeffrey Boam, George Lucas","Actors":"Harrison Ford, Sean Connery, Alison Doody, Denholm Elliott","Plot":"When Dr. Henry Jones Sr. suddenly goes missing while pursuing the Holy Grail, eminent archaeologist Indiana Jones must follow in his father's footsteps and stop the Nazis.","Poster":"http:\/\/ia.media-imdb.com\/images\/M\/MV5BMTQxMTUyODg2OF5BMl5BanBnXkFtZTcwNDM2MjAxNA@@._V1_SX300.jpg","imdbRating":"8.3","imdbVotes":"341,239","imdbID":"tt0097576","Type":"movie","Response":"True","0":{"trailer":"https:\/\/www.youtube.com\/v\/WGpq-LDV6jU?version=3&amp;f=videos&amp;app=youtube_gdata"}}