{"Title":"Star Wars: Episode V - The Empire Strikes Back","Year":"1980","Rated":"PG","Released":"21 May 1980","Runtime":"2 h 7 min","Genre":"Action, Adventure, Sci-Fi","Director":"Irvin Kershner","Writer":"Leigh Brackett, Lawrence Kasdan","Actors":"Mark Hamill, Harrison Ford, Carrie Fisher, Billy Dee Williams","Plot":"After the rebels have been brutally overpowered by the Empire on their newly established base, Luke Skywalker takes advanced Jedi training with Master Yoda, while his friends are pursued by Darth Vader as part of his plan to capture Luke.","Poster":"http:\/\/ia.media-imdb.com\/images\/M\/MV5BMjE2MzQwMTgxN15BMl5BanBnXkFtZTcwMDQzNjk2OQ@@._V1_SX300.jpg","imdbRating":"8.8","imdbVotes":"522,846","imdbID":"tt0080684","Type":"movie","Response":"True","0":{"trailer":"https:\/\/www.youtube.com\/v\/PkEKIw0FU6Y?version=3&amp;f=videos&amp;app=youtube_gdata"}}