{"Title":"The Lord of the Rings: The Fellowship of the Ring","Year":"2001","Rated":"PG-13","Released":"19 Dec 2001","Runtime":"2 h 58 min","Genre":"Action, Adventure, Fantasy","Director":"Peter Jackson","Writer":"J.R.R. Tolkien, Fran Walsh","Actors":"Elijah Wood, Ian McKellen, Orlando Bloom, Sean Bean","Plot":"A meek hobbit of The Shire and eight companions set out on a journey to Mount Doom to destroy the One Ring and the dark lord Sauron.","Poster":"http:\/\/ia.media-imdb.com\/images\/M\/MV5BNTEyMjAwMDU1OV5BMl5BanBnXkFtZTcwNDQyNTkxMw@@._V1_SX300.jpg","imdbRating":"8.8","imdbVotes":"798,909","imdbID":"tt0120737","Type":"movie","Response":"True","0":{"trailer":"https:\/\/www.youtube.com\/v\/VIgkpEgCV-I?version=3&amp;f=videos&amp;app=youtube_gdata"}}