{"Title":"One Flew Over the Cuckoo's Nest","Year":"1975","Rated":"R","Released":"21 Nov 1975","Runtime":"2 h 13 min","Genre":"Drama","Director":"Milos Forman","Writer":"Lawrence Hauben, Bo Goldman","Actors":"Jack Nicholson, Louise Fletcher, Michael Berryman, Peter Brocco","Plot":"Upon admittance to a mental institution, a brash rebel rallies the patients to take on the oppressive head nurse.","Poster":"http:\/\/ia.media-imdb.com\/images\/M\/MV5BMTk5OTA4NTc0NF5BMl5BanBnXkFtZTcwNzI5Mzg3OA@@._V1_SX300.jpg","imdbRating":"8.8","imdbVotes":"451,957","imdbID":"tt0073486","Type":"movie","Response":"True","0":{"trailer":"https:\/\/www.youtube.com\/v\/2WSyJgydTsA?version=3&amp;f=videos&amp;app=youtube_gdata"}}