{"Title":"Inception","Year":"2010","Rated":"PG-13","Released":"16 Jul 2010","Runtime":"2 h 28 min","Genre":"Action, Adventure, Mystery, Sci-Fi, Thriller","Director":"Christopher Nolan","Writer":"Christopher Nolan","Actors":"Leonardo DiCaprio, Joseph Gordon-Levitt, Ellen Page, Ken Watanabe","Plot":"A skilled extractor is offered a chance to regain his old life as payment for a task considered to be impossible.","Poster":"http:\/\/ia.media-imdb.com\/images\/M\/MV5BMjAxMzY3NjcxNF5BMl5BanBnXkFtZTcwNTI5OTM0Mw@@._V1_SX300.jpg","imdbRating":"8.8","imdbVotes":"851,292","imdbID":"tt1375666","Type":"movie","Response":"True","0":{"trailer":"https:\/\/www.youtube.com\/v\/66TuSJo4dZM?version=3&amp;f=videos&amp;app=youtube_gdata"}}