{"Title":"Goodfellas","Year":"1990","Rated":"R","Released":"19 Sep 1990","Runtime":"2 h 26 min","Genre":"Biography, Crime, Drama, Thriller","Director":"Martin Scorsese","Writer":"Nicholas Pileggi, Nicholas Pileggi","Actors":"Robert De Niro, Ray Liotta, Joe Pesci, Lorraine Bracco","Plot":"Henry Hill and his friends work their way up through the mob hierarchy.","Poster":"http:\/\/ia.media-imdb.com\/images\/M\/MV5BMjU3MTQ4OTA0MV5BMl5BanBnXkFtZTYwNjAyMDg4._V1_SX300.jpg","imdbRating":"8.7","imdbVotes":"473,919","imdbID":"tt0099685","Type":"movie","Response":"True","0":{"trailer":"https:\/\/www.youtube.com\/v\/qo5jJpHtI1Y?version=3&amp;f=videos&amp;app=youtube_gdata"}}