{"Title":"Star Wars","Year":"1977","Rated":"PG","Released":"25 May 1977","Runtime":"2 h 1 min","Genre":"Action, Adventure, Fantasy, Sci-Fi","Director":"George Lucas","Writer":"George Lucas","Actors":"Mark Hamill, Harrison Ford, Carrie Fisher, Alec Guinness","Plot":"Luke Skywalker joins forces with a Jedi Knight, a cocky pilot, a wookiee and two droids to save the universe from the Empire's world-destroying battle-station, while also attempting to rescue Princess Leia from the evil Darth Vader.","Poster":"http:\/\/ia.media-imdb.com\/images\/M\/MV5BMTU4NTczODkwM15BMl5BanBnXkFtZTcwMzEyMTIyMw@@._V1_SX300.jpg","imdbRating":"8.7","imdbVotes":"588,148","imdbID":"tt0076759","Type":"movie","Response":"True","0":{"trailer":"https:\/\/www.youtube.com\/v\/9gvqpFbRKtQ?version=3&amp;f=videos&amp;app=youtube_gdata"}}