{"Title":"Seven Samurai","Year":"1954","Rated":"Unrated","Released":"19 Nov 1956","Runtime":"2 h 38 min","Genre":"Action, Drama","Director":"Akira Kurosawa","Writer":"Akira Kurosawa, Shinobu Hashimoto","Actors":"Toshir\u00f4 Mifune, Takashi Shimura, Keiko Tsushima, Yukiko Shimazaki","Plot":"A poor village under attack by bandits recruits seven unemployed samurai to help them defend themselves.","Poster":"http:\/\/ia.media-imdb.com\/images\/M\/MV5BNzg5Mzk5Nzc0NF5BMl5BanBnXkFtZTcwNjg3MDQzMQ@@._V1_SX300.jpg","imdbRating":"8.8","imdbVotes":"162,278","imdbID":"tt0047478","Type":"movie","Response":"True","0":{"trailer":"https:\/\/www.youtube.com\/v\/xnRUHtSgJ9o?version=3&amp;f=videos&amp;app=youtube_gdata"}}