{"Title":"Forrest Gump","Year":"1994","Rated":"PG-13","Released":"06 Jul 1994","Runtime":"2 h 22 min","Genre":"Drama, Romance","Director":"Robert Zemeckis","Writer":"Winston Groom, Eric Roth","Actors":"Tom Hanks, Robin Wright, Gary Sinise, Sally Field","Plot":"Forrest Gump, while not intelligent, has accidentally been present at many historic moments, but his true love, Jenny Curran, eludes him.","Poster":"http:\/\/ia.media-imdb.com\/images\/M\/MV5BMTQwMTA5MzI1MF5BMl5BanBnXkFtZTcwMzY5Mzg3OA@@._V1_SX300.jpg","imdbRating":"8.7","imdbVotes":"722,459","imdbID":"tt0109830","Type":"movie","Response":"True","0":{"trailer":"https:\/\/www.youtube.com\/v\/uPIEn0M8su0?version=3&amp;f=videos&amp;app=youtube_gdata"}}