{"Title":"The Matrix","Year":"1999","Rated":"R","Released":"31 Mar 1999","Runtime":"2 h 16 min","Genre":"Action, Adventure, Sci-Fi","Director":"Andy Wachowski, Lana Wachowski","Writer":"Andy Wachowski, Lana Wachowski","Actors":"Keanu Reeves, Laurence Fishburne, Carrie-Anne Moss, Hugo Weaving","Plot":"A computer hacker learns from mysterious rebels about the true nature of his reality and his role in the war against its controllers.","Poster":"http:\/\/ia.media-imdb.com\/images\/M\/MV5BMjEzNjg1NTg2NV5BMl5BanBnXkFtZTYwNjY3MzQ5._V1_SX300.jpg","imdbRating":"8.7","imdbVotes":"779,661","imdbID":"tt0133093","Type":"movie","Response":"True","0":{"trailer":"https:\/\/www.youtube.com\/v\/m8e-FF8MsqU?version=3&amp;f=videos&amp;app=youtube_gdata"}}