{"Title":"The Godfather","Year":"1972","Rated":"R","Released":"24 Mar 1972","Runtime":"2 h 55 min","Genre":"Crime, Drama","Director":"Francis Ford Coppola","Writer":"Mario Puzo, Francis Ford Coppola","Actors":"Marlon Brando, Al Pacino, James Caan, Diane Keaton","Plot":"The aging patriarch of an organized crime dynasty transfers control of his clandestine empire to his reluctant son.","Poster":"http:\/\/ia.media-imdb.com\/images\/M\/MV5BMjEyMjcyNDI4MF5BMl5BanBnXkFtZTcwMDA5Mzg3OA@@._V1_SX300.jpg","imdbRating":"9.2","imdbVotes":"762,332","imdbID":"tt0068646","Type":"movie","Response":"True","0":{"trailer":"https:\/\/www.youtube.com\/v\/sY1S34973zA?version=3&amp;f=videos&amp;app=youtube_gdata"}}