{"Title":"The Lord of the Rings: The Two Towers","Year":"2002","Rated":"PG-13","Released":"18 Dec 2002","Runtime":"2 h 59 min","Genre":"Action, Adventure, Fantasy","Director":"Peter Jackson","Writer":"J.R.R. Tolkien, Fran Walsh","Actors":"Elijah Wood, Ian McKellen, Viggo Mortensen, Orlando Bloom","Plot":"While Frodo and Sam edge closer to Mordor with the help of the shifty Gollum, the divided fellowship makes a stand against Sauron's new ally, Saruman, and his hordes of Isengard.","Poster":"http:\/\/ia.media-imdb.com\/images\/M\/MV5BMTAyNDU0NjY4NTheQTJeQWpwZ15BbWU2MDk4MTY2Nw@@._V1_SX300.jpg","imdbRating":"8.7","imdbVotes":"689,276","imdbID":"tt0167261","Type":"movie","Response":"True","0":{"trailer":"https:\/\/www.youtube.com\/v\/Wek5UClasY8?version=3&amp;f=videos&amp;app=youtube_gdata"}}