{"Title":"City of God","Year":"2002","Rated":"R","Released":"N\/A","Runtime":"2 h 10 min","Genre":"Crime, Drama","Director":"Fernando Meirelles, K\u00e1tia Lund","Writer":"Paulo Lins, Br\u00e1ulio Mantovani","Actors":"Alexandre Rodrigues, Matheus Nachtergaele, Leandro Firmino, Phellipe Haagensen","Plot":"Two boys growing up in a violent neighborhood of Rio de Janeiro take different paths: one becomes a photographer, the other a drug dealer.","Poster":"http:\/\/ia.media-imdb.com\/images\/M\/MV5BMjA4ODQ3ODkzNV5BMl5BanBnXkFtZTYwOTc4NDI3._V1_SX300.jpg","imdbRating":"8.7","imdbVotes":"355,070","imdbID":"tt0317248","Type":"movie","Response":"True","0":{"trailer":"https:\/\/www.youtube.com\/v\/ioUE_5wpg_E?version=3&amp;f=videos&amp;app=youtube_gdata"}}