{"Title":"Se7en","Year":"1995","Rated":"R","Released":"22 Sep 1995","Runtime":"2 h 7 min","Genre":"Crime, Mystery, Thriller","Director":"David Fincher","Writer":"Andrew Kevin Walker","Actors":"Morgan Freeman, Brad Pitt, Kevin Spacey, Andrew Kevin Walker","Plot":"Two detectives, a rookie and a veteran, hunt a serial killer who uses the seven deadly sins as his modus operandi.","Poster":"http:\/\/ia.media-imdb.com\/images\/M\/MV5BMTQwNTU3MTE4NF5BMl5BanBnXkFtZTcwOTgxNDM2Mg@@._V1_SX300.jpg","imdbRating":"8.7","imdbVotes":"632,133","imdbID":"tt0114369","Type":"movie","Response":"True","0":{"trailer":"https:\/\/www.youtube.com\/v\/J4YV2_TcCoE?version=3&amp;f=videos&amp;app=youtube_gdata"}}