{"Title":"The Silence of the Lambs","Year":"1991","Rated":"R","Released":"14 Feb 1991","Runtime":"1 h 58 min","Genre":"Crime, Drama, Thriller","Director":"Jonathan Demme","Writer":"Thomas Harris, Ted Tally","Actors":"Jodie Foster, Anthony Hopkins, Lawrence A. Bonney, Kasi Lemmons","Plot":"A young F.B.I. cadet must confide in an incarcerated and manipulative killer to receive his help on catching another serial killer who skins his victims.","Poster":"http:\/\/ia.media-imdb.com\/images\/M\/MV5BMTQ2NzkzMDI4OF5BMl5BanBnXkFtZTcwMDA0NzE1NA@@._V1_SX300.jpg","imdbRating":"8.7","imdbVotes":"531,335","imdbID":"tt0102926","Type":"movie","Response":"True","0":{"trailer":"https:\/\/www.youtube.com\/v\/lQKs169Sl0I?version=3&amp;f=videos&amp;app=youtube_gdata"}}