{"Title":"Once Upon a Time in the West","Year":"1968","Rated":"M","Released":"21 Dec 1968","Runtime":"2 h 55 min","Genre":"Adventure, Western","Director":"Sergio Leone","Writer":"Sergio Leone, Sergio Donati","Actors":"Henry Fonda, Charles Bronson, Claudia Cardinale, Jason Robards","Plot":"Epic story of a mysterious stranger with a harmonica who joins forces with a notorious desperado to protect a beautiful widow from a ruthless assassin working for the railroad.","Poster":"http:\/\/ia.media-imdb.com\/images\/M\/MV5BMTgwMzU1MDEyMl5BMl5BanBnXkFtZTcwNDc5Mzg3OA@@._V1_SX300.jpg","imdbRating":"8.7","imdbVotes":"147,078","imdbID":"tt0064116","Type":"movie","Response":"True","0":{"trailer":"https:\/\/www.youtube.com\/v\/MNGQ1hUyx-k?version=3&amp;f=videos&amp;app=youtube_gdata"}}