{"Title":"Casablanca","Year":"1942","Rated":"PG","Released":"23 Jan 1943","Runtime":"1 h 42 min","Genre":"Drama, Romance, War","Director":"Michael Curtiz","Writer":"Julius J. Epstein, Philip G. Epstein","Actors":"Humphrey Bogart, Ingrid Bergman, Paul Henreid, Claude Rains","Plot":"Set in unoccupied Africa during the early days of World War II: An American expatriate meets a former lover, with unforeseen complications.","Poster":"http:\/\/ia.media-imdb.com\/images\/M\/MV5BMTcwNDI5MjI1Ml5BMl5BanBnXkFtZTYwODE4NDI2._V1_SX300.jpg","imdbRating":"8.7","imdbVotes":"280,085","imdbID":"tt0034583","Type":"movie","Response":"True","0":{"trailer":"https:\/\/www.youtube.com\/v\/TLU41jUnWM4?version=3&amp;f=videos&amp;app=youtube_gdata"}}