{"Title":"The Usual Suspects","Year":"1995","Rated":"R","Released":"16 Aug 1995","Runtime":"1 h 46 min","Genre":"Crime, Mystery, Thriller","Director":"Bryan Singer","Writer":"Christopher McQuarrie","Actors":"Kevin Spacey, Gabriel Byrne, Chazz Palminteri, Stephen Baldwin","Plot":"A boat has been destroyed, criminals are dead, and the key to this mystery lies with the only survivor and his twisted, convoluted story beginning with five career crooks in a seemingly random police lineup.","Poster":"http:\/\/ia.media-imdb.com\/images\/M\/MV5BMzI1MjI5MDQyOV5BMl5BanBnXkFtZTcwNzE4Mjg3NA@@._V1_SX300.jpg","imdbRating":"8.7","imdbVotes":"487,894","imdbID":"tt0114814","Type":"movie","Response":"True","0":{"trailer":"https:\/\/www.youtube.com\/v\/9MjV4EwR7Mg?version=3&amp;f=videos&amp;app=youtube_gdata"}}