{"Title":"Raiders of the Lost Ark","Year":"1981","Rated":"PG","Released":"12 Jun 1981","Runtime":"1 h 55 min","Genre":"Action, Adventure","Director":"Steven Spielberg","Writer":"Lawrence Kasdan, George Lucas","Actors":"Harrison Ford, Karen Allen, Paul Freeman, John Rhys-Davies","Plot":"Archeologist and adventurer Indiana Jones is hired by the US government to find the Ark of the Covenant before the Nazis.","Poster":"http:\/\/ia.media-imdb.com\/images\/M\/MV5BMjA0ODEzMTc1Nl5BMl5BanBnXkFtZTcwODM2MjAxNA@@._V1_SX300.jpg","imdbRating":"8.6","imdbVotes":"443,705","imdbID":"tt0082971","Type":"movie","Response":"True","0":{"trailer":"https:\/\/www.youtube.com\/v\/0ZOcoxjeUYo?version=3&amp;f=videos&amp;app=youtube_gdata"}}