{"Title":"Rear Window","Year":"1954","Rated":"Approved","Released":"29 Jan 1955","Runtime":"1 h 52 min","Genre":"Mystery, Thriller","Director":"Alfred Hitchcock","Writer":"John Michael Hayes, Cornell Woolrich","Actors":"James Stewart, Grace Kelly, Wendell Corey, Thelma Ritter","Plot":"A wheelchair bound photographer spies on his neighbours from his apartment window and becomes convinced one of them has committed murder.","Poster":"http:\/\/ia.media-imdb.com\/images\/M\/MV5BNDUzMTY0NTE3NF5BMl5BanBnXkFtZTYwNDEyOTM2._V1_SX300.jpg","imdbRating":"8.6","imdbVotes":"215,144","imdbID":"tt0047396","Type":"movie","Response":"True","0":{"trailer":"https:\/\/www.youtube.com\/v\/6kCcZCMYw38?version=3&amp;f=videos&amp;app=youtube_gdata"}}