{"Title":"It's a Wonderful Life","Year":"1946","Rated":"Approved","Released":"07 Jan 1947","Runtime":"2 h 10 min","Genre":"Drama, Family, Fantasy","Director":"Frank Capra","Writer":"Frances Goodrich, Albert Hackett","Actors":"James Stewart, Donna Reed, Lionel Barrymore, Thomas Mitchell","Plot":"An angel helps a compassionate but despairingly frustrated businessman by showing what life would have been like if he never existed.","Poster":"http:\/\/ia.media-imdb.com\/images\/M\/MV5BMTMzMzY5NDc4M15BMl5BanBnXkFtZTcwMzc4NjIxNw@@._V1_SX300.jpg","imdbRating":"8.6","imdbVotes":"181,144","imdbID":"tt0038650","Type":"movie","Response":"True","0":{"trailer":"https:\/\/www.youtube.com\/v\/LJfZaT8ncYk?version=3&amp;f=videos&amp;app=youtube_gdata"}}