{"Title":"The Godfather: Part II","Year":"1974","Rated":"R","Released":"20 Dec 1974","Runtime":"3 h 20 min","Genre":"Crime, Drama","Director":"Francis Ford Coppola","Writer":"Francis Ford Coppola, Mario Puzo","Actors":"Al Pacino, Robert De Niro, Robert Duvall, Diane Keaton","Plot":"The early life and career of Vito Corleone in 1920s New York is portrayed while his son, Michael, expands and tightens his grip on his crime syndicate stretching from Lake Tahoe, Nevada to pre-revolution 1958 Cuba.","Poster":"http:\/\/ia.media-imdb.com\/images\/M\/MV5BNDc2NTM3MzU1Nl5BMl5BanBnXkFtZTcwMTA5Mzg3OA@@._V1_SX300.jpg","imdbRating":"9.0","imdbVotes":"496,772","imdbID":"tt0071562","Type":"movie","Response":"True","0":{"trailer":"https:\/\/www.youtube.com\/v\/qJr92K_hKl0?version=3&amp;f=videos&amp;app=youtube_gdata"}}