{"Title":"Psycho","Year":"1960","Rated":"R","Released":"08 Sep 1960","Runtime":"1 h 49 min","Genre":"Horror, Mystery, Thriller","Director":"Alfred Hitchcock","Writer":"Joseph Stefano, Robert Bloch","Actors":"Anthony Perkins, Janet Leigh, Vera Miles, John Gavin","Plot":"A Phoenix secretary steals $40,000 from her employer's client, goes on the run and checks into a remote motel run by a young man under the domination of his mother.","Poster":"http:\/\/ia.media-imdb.com\/images\/M\/MV5BMTgyNDIxNzQ4MF5BMl5BanBnXkFtZTYwMzkyNTQ2._V1_SX300.jpg","imdbRating":"8.6","imdbVotes":"273,991","imdbID":"tt0054215","Type":"movie","Response":"True","0":{"trailer":"https:\/\/www.youtube.com\/v\/NG3-GlvKPcg?version=3&amp;f=videos&amp;app=youtube_gdata"}}