{"Title":"L\u00e9on: The Professional","Year":"1994","Rated":"Unrated","Released":"18 Nov 1994","Runtime":"1 h 50 min","Genre":"Crime, Drama, Thriller","Director":"Luc Besson","Writer":"Luc Besson","Actors":"Jean Reno, Gary Oldman, Natalie Portman, Danny Aiello","Plot":"A professional assassin rescues a young girl whose parents were killed in a police raid.","Poster":"http:\/\/ia.media-imdb.com\/images\/M\/MV5BMTgzMzg4MDkwNF5BMl5BanBnXkFtZTcwODAwNDg3OA@@._V1_SX300.jpg","imdbRating":"8.6","imdbVotes":"463,013","imdbID":"tt0110413","Type":"movie","Response":"True","0":{"trailer":"https:\/\/www.youtube.com\/v\/DcsirofJrlM?version=3&amp;f=videos&amp;app=youtube_gdata"}}