{"Title":"Sunset Blvd.","Year":"1950","Rated":"Not Rated","Released":"25 Aug 1950","Runtime":"1 h 50 min","Genre":"Drama, Film-Noir","Director":"Billy Wilder","Writer":"Charles Brackett, Billy Wilder","Actors":"William Holden, Gloria Swanson, Erich von Stroheim, Nancy Olson","Plot":"A hack screenwriter writes a screenplay for a former silent-film star who has faded into Hollywood obscurity.","Poster":"http:\/\/ia.media-imdb.com\/images\/M\/MV5BMTk2OTQ5NDA4MV5BMl5BanBnXkFtZTcwNDIyNzE3OQ@@._V1_SX300.jpg","imdbRating":"8.6","imdbVotes":"95,968","imdbID":"tt0043014","Type":"movie","Response":"True","0":{"trailer":"https:\/\/www.youtube.com\/v\/xzYqUpV_B-A?version=3&amp;f=videos&amp;app=youtube_gdata"}}