{"Title":"American History X","Year":"1998","Rated":"R","Released":"12 Feb 1999","Runtime":"1 h 59 min","Genre":"Crime, Drama","Director":"Tony Kaye","Writer":"David McKenna","Actors":"Edward Norton, Edward Furlong, Beverly D'Angelo, Jennifer Lien","Plot":"A former neo-nazi skinhead tries to prevent his younger brother from going down the same wrong path that he did.","Poster":"http:\/\/ia.media-imdb.com\/images\/M\/MV5BMjMzNDUwNTIyMF5BMl5BanBnXkFtZTcwNjMwNDg3OA@@._V1_SX300.jpg","imdbRating":"8.6","imdbVotes":"505,207","imdbID":"tt0120586","Type":"movie","Response":"True","0":{"trailer":"https:\/\/www.youtube.com\/v\/UV0VEstvjMM?version=3&amp;f=videos&amp;app=youtube_gdata"}}