{"Title":"Apocalypse Now","Year":"1979","Rated":"R","Released":"15 Aug 1979","Runtime":"2 h 33 min","Genre":"Drama, War","Director":"Francis Ford Coppola","Writer":"John Milius, Francis Ford Coppola","Actors":"Martin Sheen, Marlon Brando, Robert Duvall, Frederic Forrest","Plot":"During the U.S.-Viet Nam War, Captain Willard is sent on a dangerous mission into Cambodia to assassinate a renegade colonel who has set himself up as a god among a local tribe.","Poster":"http:\/\/ia.media-imdb.com\/images\/M\/MV5BMTcyMzQ5NDM4OV5BMl5BanBnXkFtZTcwODUwNDg3OA@@._V1_SX300.jpg","imdbRating":"8.5","imdbVotes":"311,517","imdbID":"tt0078788","Type":"movie","Response":"True","0":{"trailer":"https:\/\/www.youtube.com\/v\/Tt0xxAMTp8M?version=3&amp;f=videos&amp;app=youtube_gdata"}}