{"Title":"Terminator 2: Judgment Day","Year":"1991","Rated":"R","Released":"03 Jul 1991","Runtime":"2 h 32 min","Genre":"Action, Sci-Fi, Thriller","Director":"James Cameron","Writer":"James Cameron, William Wisher Jr.","Actors":"Arnold Schwarzenegger, Linda Hamilton, Edward Furlong, Robert Patrick","Plot":"The cyborg who once tried to kill Sarah Connor is dead, and another T-101 must now protect her teenage son, John Connor, from an even more powerful and advanced Terminator, the T-1000.","Poster":"http:\/\/ia.media-imdb.com\/images\/M\/MV5BMTg5NzUwMDU5NF5BMl5BanBnXkFtZTcwMjk2MDA4Mg@@._V1_SX300.jpg","imdbRating":"8.5","imdbVotes":"488,507","imdbID":"tt0103064","Type":"movie","Response":"True","0":{"trailer":"https:\/\/www.youtube.com\/v\/eajuMYNYtuY?version=3&amp;f=videos&amp;app=youtube_gdata"}}