{"Title":"Saving Private Ryan","Year":"1998","Rated":"TV-MA","Released":"24 Jul 1998","Runtime":"2 h 49 min","Genre":"Action, Drama, War","Director":"Steven Spielberg","Writer":"Robert Rodat","Actors":"Tom Hanks, Matt Damon, Tom Sizemore, Edward Burns","Plot":"Following the Normandy Landings, a group of U.S. soldiers go behind enemy lines to retrieve a paratrooper whose brothers have been killed in action.","Poster":"http:\/\/ia.media-imdb.com\/images\/M\/MV5BNjczODkxNTAxN15BMl5BanBnXkFtZTcwMTcwNjUxMw@@._V1_SX300.jpg","imdbRating":"8.5","imdbVotes":"553,260","imdbID":"tt0120815","Type":"movie","Response":"True","0":{"trailer":"https:\/\/www.youtube.com\/v\/zwhP5b4tD6g?version=3&amp;f=videos&amp;app=youtube_gdata"}}