{"Title":"Memento","Year":"2000","Rated":"R","Released":"11 Oct 2000","Runtime":"1 h 53 min","Genre":"Mystery, Thriller","Director":"Christopher Nolan","Writer":"Christopher Nolan, Jonathan Nolan","Actors":"Guy Pearce, Carrie-Anne Moss, Joe Pantoliano, Mark Boone Junior","Plot":"A man, suffering from short-term memory loss, uses notes and tattoos to hunt for the man he thinks killed his wife.","Poster":"http:\/\/ia.media-imdb.com\/images\/M\/MV5BMTc4MjUxNDAwN15BMl5BanBnXkFtZTcwMDMwNDg3OA@@._V1_SX300.jpg","imdbRating":"8.5","imdbVotes":"562,835","imdbID":"tt0209144","Type":"movie","Response":"True","0":{"trailer":"https:\/\/www.youtube.com\/v\/0vS0E9bBSL0?version=3&amp;f=videos&amp;app=youtube_gdata"}}