{"Title":"City Lights","Year":"1931","Rated":"G","Released":"07 Mar 1931","Runtime":"1 h 27 min","Genre":"Comedy, Drama, Romance","Director":"Charles Chaplin","Writer":"Charles Chaplin","Actors":"Charles Chaplin, Virginia Cherrill, Florence Lee, Harry Myers","Plot":"The Tramp struggles to help a blind flower girl he has fallen in love with.","Poster":"http:\/\/ia.media-imdb.com\/images\/M\/MV5BMTc2NzYxMzY5MV5BMl5BanBnXkFtZTYwNzY5MTE5._V1_SX300.jpg","imdbRating":"8.6","imdbVotes":"63,396","imdbID":"tt0021749","Type":"movie","Response":"True","0":{"trailer":"https:\/\/www.youtube.com\/v\/X_W1tOngo-w?version=3&amp;f=videos&amp;app=youtube_gdata"}}