{"Title":"Dr. Strangelove or: How I Learned to Stop Worrying and Love the Bomb","Year":"1964","Rated":"Approved","Released":"29 Jan 1964","Runtime":"1 h 35 min","Genre":"Comedy, Sci-Fi, War","Director":"Stanley Kubrick","Writer":"Stanley Kubrick, Terry Southern","Actors":"Peter Sellers, George C. Scott, Sterling Hayden, Keenan Wynn","Plot":"An insane general starts a process to nuclear holocaust that a war room of politicians and generals frantically try to stop.","Poster":"http:\/\/ia.media-imdb.com\/images\/M\/MV5BMTU2ODM2NTkxNF5BMl5BanBnXkFtZTcwOTMwMzU3Mg@@._V1_SX300.jpg","imdbRating":"8.5","imdbVotes":"249,706","imdbID":"tt0057012","Type":"movie","Response":"True","0":{"trailer":"https:\/\/www.youtube.com\/v\/71I4bdA7lDA?version=3&amp;f=videos&amp;app=youtube_gdata"}}