{"Title":"Pulp Fiction","Year":"1994","Rated":"R","Released":"14 Oct 1994","Runtime":"2 h 48 min","Genre":"Crime, Drama, Thriller","Director":"Quentin Tarantino","Writer":"Quentin Tarantino, Roger Avary","Actors":"John Travolta, Uma Thurman, Samuel L. Jackson, Bruce Willis","Plot":"The lives of two mob hit men, a boxer, a gangster's wife, and a pair of diner bandits intertwine in four tales of violence and redemption.","Poster":"http:\/\/ia.media-imdb.com\/images\/M\/MV5BMjE0ODk2NjczOV5BMl5BanBnXkFtZTYwNDQ0NDg4._V1_SX300.jpg","imdbRating":"9.0","imdbVotes":"843,376","imdbID":"tt0110912","Type":"movie","Response":"True","0":{"trailer":"https:\/\/www.youtube.com\/v\/s7EdQ4FqbhY?version=3&amp;f=videos&amp;app=youtube_gdata"}}