{"Title":"Alien","Year":"1979","Rated":"TV-14","Released":"22 Jun 1979","Runtime":"1 h 57 min","Genre":"Horror, Sci-Fi","Director":"Ridley Scott","Writer":"Dan O'Bannon, Ronald Shusett","Actors":"Sigourney Weaver, Tom Skerritt, John Hurt, Veronica Cartwright","Plot":"The commercial vessel Nostromo receives a distress call from an unexplored planet. After searching for survivors, the crew heads home only to realize that a deadly bioform has joined them.","Poster":"http:\/\/ia.media-imdb.com\/images\/M\/MV5BMTk3NzkwMjA3OV5BMl5BanBnXkFtZTYwMTIwOTk2._V1_SX300.jpg","imdbRating":"8.5","imdbVotes":"366,499","imdbID":"tt0078748","Type":"movie","Response":"True","0":{"trailer":"https:\/\/www.youtube.com\/v\/bEVY_lonKf4?version=3&amp;f=videos&amp;app=youtube_gdata"}}