{"Title":"Modern Times","Year":"1936","Rated":"Approved","Released":"25 Feb 1936","Runtime":"1 h 27 min","Genre":"Comedy, Drama","Director":"Charles Chaplin","Writer":"Charles Chaplin","Actors":"Charles Chaplin, Paulette Goddard, Henry Bergman, Tiny Sandford","Plot":"The Tramp struggles to live in modern industrial society with the help of a young homeless woman.","Poster":"http:\/\/ia.media-imdb.com\/images\/M\/MV5BMjMwMDA5NzEwOF5BMl5BanBnXkFtZTcwMzgwNDg3OA@@._V1_SX300.jpg","imdbRating":"8.5","imdbVotes":"80,905","imdbID":"tt0027977","Type":"movie","Response":"True","0":{"trailer":"https:\/\/www.youtube.com\/v\/Ekwbgtp1_Vg?version=3&amp;f=videos&amp;app=youtube_gdata"}}