{"Title":"Spirited Away","Year":"2001","Rated":"PG","Released":"20 Jul 2001","Runtime":"2 h 5 min","Genre":"Animation, Adventure, Family, Fantasy","Director":"Hayao Miyazaki","Writer":"Hayao Miyazaki","Actors":"Daveigh Chase, Suzanne Pleshette, Miyu Irino, Susan Egan","Plot":"In the middle of her family's move to the suburbs, a sullen 10-year-old girl wanders into a world ruled by gods, witches, and monsters; where humans are changed into animals; and a bathhouse for these creatures.","Poster":"http:\/\/ia.media-imdb.com\/images\/M\/MV5BMjYxMDcyMzIzNl5BMl5BanBnXkFtZTYwNDg2MDU3._V1_SX300.jpg","imdbRating":"8.6","imdbVotes":"249,265","imdbID":"tt0245429","Type":"movie","Response":"True","0":{"trailer":"https:\/\/www.youtube.com\/v\/6az9wGfeSgM?version=3&amp;f=videos&amp;app=youtube_gdata"}}