{"Title":"North by Northwest","Year":"1959","Rated":"Approved","Released":"26 Sep 1959","Runtime":"2 h 16 min","Genre":"Action, Adventure, Crime, Mystery, Thriller","Director":"Alfred Hitchcock","Writer":"Ernest Lehman","Actors":"Cary Grant, Eva Marie Saint, James Mason, Jessie Royce Landis","Plot":"A hapless New York advertising executive is mistaken for a government agent by a group of foreign spies, and is pursued across the country while he looks for a way to survive.","Poster":"http:\/\/ia.media-imdb.com\/images\/M\/MV5BMTc1MjczNTgxM15BMl5BanBnXkFtZTcwOTYwNDg3OA@@._V1_SX300.jpg","imdbRating":"8.5","imdbVotes":"156,431","imdbID":"tt0053125","Type":"movie","Response":"True","0":{"trailer":"https:\/\/www.youtube.com\/v\/HRfmTpmIUwo?version=3&amp;f=videos&amp;app=youtube_gdata"}}