{"Title":"Back to the Future","Year":"1985","Rated":"PG","Released":"03 Jul 1985","Runtime":"1 h 56 min","Genre":"Adventure, Comedy, Sci-Fi","Director":"Robert Zemeckis","Writer":"Robert Zemeckis, Bob Gale","Actors":"Michael J. Fox, Christopher Lloyd, Lea Thompson, Crispin Glover","Plot":"A teenager is accidentally sent 30 years into the past in a time-traveling DeLorean invented by his friend, Dr. Emmett Brown, and must make sure his high-school-age parents unite in order to save his own existence.","Poster":"http:\/\/ia.media-imdb.com\/images\/M\/MV5BMTk4OTQ1OTMwN15BMl5BanBnXkFtZTcwOTIwMzM3MQ@@._V1_SX300.jpg","imdbRating":"8.5","imdbVotes":"437,347","imdbID":"tt0088763","Type":"movie","Response":"True","0":{"trailer":"https:\/\/www.youtube.com\/v\/yosuvf7Unmg?version=3&amp;f=videos&amp;app=youtube_gdata"}}