{"Title":"Life Is Beautiful","Year":"1997","Rated":"PG-13","Released":"12 Feb 1999","Runtime":"1 h 56 min","Genre":"Comedy, Drama, Romance, War","Director":"Roberto Benigni","Writer":"Vincenzo Cerami, Roberto Benigni","Actors":"Roberto Benigni, Nicoletta Braschi, Giorgio Cantarini, Giustino Durano","Plot":"A Jewish man has a wonderful romance with the help of his humour, but must use that same quality to protect his son in a Nazi death camp.","Poster":"http:\/\/ia.media-imdb.com\/images\/M\/MV5BMTM3NDg0OTkxOV5BMl5BanBnXkFtZTcwMTk2NzIyMQ@@._V1_SX300.jpg","imdbRating":"8.5","imdbVotes":"239,414","imdbID":"tt0118799","Type":"movie","Response":"True","0":{"trailer":"https:\/\/www.youtube.com\/v\/16RZHqCIy9M?version=3&amp;f=videos&amp;app=youtube_gdata"}}