{"Title":"The Shining","Year":"1980","Rated":"R","Released":"23 May 1980","Runtime":"2 h 22 min","Genre":"Horror, Mystery","Director":"Stanley Kubrick","Writer":"Stephen King, Stanley Kubrick","Actors":"Jack Nicholson, Shelley Duvall, Danny Lloyd, Scatman Crothers","Plot":"A family heads to an isolated hotel for the winter where an evil and spiritual presence influences the father into violence, while his psychic son sees horrific forebodings from the past and of the future.","Poster":"http:\/\/ia.media-imdb.com\/images\/M\/MV5BODMxMjE3NTA4Ml5BMl5BanBnXkFtZTgwNDc0NTIxMDE@._V1_SX300.jpg","imdbRating":"8.5","imdbVotes":"382,542","imdbID":"tt0081505","Type":"movie","Response":"True","0":{"trailer":"https:\/\/www.youtube.com\/v\/5Cb3ik6zP2I?version=3&amp;f=videos&amp;app=youtube_gdata"}}