{"Title":"The Pianist","Year":"2002","Rated":"R","Released":"28 Mar 2003","Runtime":"2 h 30 min","Genre":"Biography, Drama, History, War","Director":"Roman Polanski","Writer":"Ronald Harwood, Wladyslaw Szpilman","Actors":"Adrien Brody, Thomas Kretschmann, Frank Finlay, Emilia Fox","Plot":"A Polish Jewish musician struggles to survive the destruction of the Warsaw ghetto of World War II.","Poster":"http:\/\/ia.media-imdb.com\/images\/M\/MV5BMTc4OTkyOTA3OF5BMl5BanBnXkFtZTYwMDIxNjk5._V1_SX300.jpg","imdbRating":"8.5","imdbVotes":"299,214","imdbID":"tt0253474","Type":"movie","Response":"True","0":{"trailer":"https:\/\/www.youtube.com\/v\/u_jE7-6Uv7E?version=3&amp;f=videos&amp;app=youtube_gdata"}}