{"Title":"Citizen Kane","Year":"1941","Rated":"Approved","Released":"05 Sep 1941","Runtime":"1 h 59 min","Genre":"Drama, Mystery","Director":"Orson Welles","Writer":"Herman J. Mankiewicz, Orson Welles","Actors":"Orson Welles, Joseph Cotten, Dorothy Comingore, Agnes Moorehead","Plot":"Following the death of a publishing tycoon, news reporters scramble to discover the meaning of his final utterance.","Poster":"http:\/\/ia.media-imdb.com\/images\/M\/MV5BMTQ2Mjc1MDQwMl5BMl5BanBnXkFtZTcwNzUyOTUyMg@@._V1_SX300.jpg","imdbRating":"8.5","imdbVotes":"217,872","imdbID":"tt0033467","Type":"movie","Response":"True","0":{"trailer":"https:\/\/www.youtube.com\/v\/zyv19bg0scg?version=3&amp;f=videos&amp;app=youtube_gdata"}}