{"Title":"The Departed","Year":"2006","Rated":"R","Released":"06 Oct 2006","Runtime":"2 h 31 min","Genre":"Crime, Drama, Thriller","Director":"Martin Scorsese","Writer":"William Monahan, Alan Mak","Actors":"Leonardo DiCaprio, Matt Damon, Jack Nicholson, Mark Wahlberg","Plot":"An undercover state cop who has infiltrated an Irish gang and a mole in the police force working for the same mob race to track down and identify each other before being exposed to the enemy, after both sides realize their outfit has a rat.","Poster":"http:\/\/ia.media-imdb.com\/images\/M\/MV5BMTI1MTY2OTIxNV5BMl5BanBnXkFtZTYwNjQ4NjY3._V1_SX300.jpg","imdbRating":"8.5","imdbVotes":"550,166","imdbID":"tt0407887","Type":"movie","Response":"True","0":{"trailer":"https:\/\/www.youtube.com\/v\/SGWvwjZ0eDc?version=3&amp;f=videos&amp;app=youtube_gdata"}}