{"Title":"The Good, the Bad and the Ugly","Year":"1966","Rated":"M","Released":"29 Dec 1967","Runtime":"2 h 41 min","Genre":"Adventure, Western","Director":"Sergio Leone","Writer":"Luciano Vincenzoni, Sergio Leone","Actors":"Clint Eastwood, Eli Wallach, Lee Van Cleef, Aldo Giuffr\u00e8","Plot":"A bounty hunting scam joins two men in an uneasy alliance against a third in a race to find a fortune in gold buried in a remote cemetery.","Poster":"http:\/\/ia.media-imdb.com\/images\/M\/MV5BMjIxNjYwNDMzMl5BMl5BanBnXkFtZTcwODA5Mzg3OA@@._V1_SX300.jpg","imdbRating":"9.0","imdbVotes":"325,579","imdbID":"tt0060196","Type":"movie","Response":"True","0":{"trailer":"https:\/\/www.youtube.com\/v\/JdkSuurdbDA?version=3&amp;f=videos&amp;app=youtube_gdata"}}