{"Title":"M","Year":"1931","Rated":"Not Rated","Released":"31 Aug 1931","Runtime":"1 h 39 min","Genre":"Crime, Drama, Thriller","Director":"Fritz Lang","Writer":"Thea von Harbou, Fritz Lang","Actors":"Peter Lorre, Ellen Widmann, Inge Landgut, Otto Wernicke","Plot":"When the police in a German city are unable to catch a child-murderer, other criminals join in the manhunt.","Poster":"http:\/\/ia.media-imdb.com\/images\/M\/MV5BMTIwNDU4OTI2MF5BMl5BanBnXkFtZTcwNzI5MjcyMQ@@._V1_SX300.jpg","imdbRating":"8.5","imdbVotes":"69,261","imdbID":"tt0022100","Type":"movie","Response":"True","0":{"trailer":"https:\/\/www.youtube.com\/v\/cIj3Bk0bhL8?version=3&amp;f=videos&amp;app=youtube_gdata"}}