{"Title":"Paths of Glory","Year":"1957","Rated":"Approved","Released":"25 Oct 1957","Runtime":"1 h 28 min","Genre":"Drama, War","Director":"Stanley Kubrick","Writer":"Stanley Kubrick, Calder Willingham","Actors":"Kirk Douglas, Ralph Meeker, Adolphe Menjou, George Macready","Plot":"When soldiers in World War I refuse to continue with an impossible attack, their superior officers decide to make an example of them.","Poster":"http:\/\/ia.media-imdb.com\/images\/M\/MV5BMTUxNTcxMjI5NV5BMl5BanBnXkFtZTcwNTcyNjI3Mw@@._V1_SX300.jpg","imdbRating":"8.5","imdbVotes":"79,379","imdbID":"tt0050825","Type":"movie","Response":"True","0":{"trailer":"https:\/\/www.youtube.com\/v\/nmDA60X-f_A?version=3&amp;f=videos&amp;app=youtube_gdata"}}