{"Title":"Vertigo","Year":"1958","Rated":"Approved","Released":"21 Jul 1958","Runtime":"2 h 9 min","Genre":"Mystery, Romance, Thriller","Director":"Alfred Hitchcock","Writer":"Alec Coppel, Samuel A. Taylor","Actors":"James Stewart, Kim Novak, Barbara Bel Geddes, Tom Helmore","Plot":"A retired San Francisco detective suffering from acrophobia investigates the strange activities of an old friend's wife, all the while becoming dangerously obsessed with her.","Poster":"http:\/\/ia.media-imdb.com\/images\/M\/MV5BNzY0NzQyNzQzOF5BMl5BanBnXkFtZTcwMTgwNTk4OQ@@._V1_SX300.jpg","imdbRating":"8.5","imdbVotes":"163,850","imdbID":"tt0052357","Type":"movie","Response":"True","0":{"trailer":"https:\/\/www.youtube.com\/v\/Z5jvQwwHQNY?version=3&amp;f=videos&amp;app=youtube_gdata"}}