{"Title":"Django Unchained","Year":"2012","Rated":"R","Released":"25 Dec 2012","Runtime":"2 h 45 min","Genre":"Adventure, Drama, Western","Director":"Quentin Tarantino","Writer":"Quentin Tarantino","Actors":"Jamie Foxx, Christoph Waltz, Leonardo DiCaprio, Kerry Washington","Plot":"With the help of a German bounty hunter, a freed slave sets out to rescue his wife from a brutal Mississippi plantation owner.","Poster":"http:\/\/ia.media-imdb.com\/images\/M\/MV5BMjIyNTQ5NjQ1OV5BMl5BanBnXkFtZTcwODg1MDU4OA@@._V1_SX300.jpg","imdbRating":"8.5","imdbVotes":"459,782","imdbID":"tt1853728","Type":"movie","Response":"True","0":{"trailer":"https:\/\/www.youtube.com\/v\/eUdM9vrCbow?version=3&amp;f=videos&amp;app=youtube_gdata"}}