{"Title":"Double Indemnity","Year":"1944","Rated":"Approved","Released":"24 Apr 1944","Runtime":"1 h 47 min","Genre":"Crime, Drama, Film-Noir, Thriller","Director":"Billy Wilder","Writer":"Billy Wilder, Raymond Chandler","Actors":"Fred MacMurray, Barbara Stanwyck, Edward G. Robinson, Byron Barr","Plot":"An insurance rep lets himself be talked into a murder\/insurance fraud scheme that arouses an insurance investigator's suspicions.","Poster":"http:\/\/ia.media-imdb.com\/images\/M\/MV5BMTUyNzM2NzM2NV5BMl5BanBnXkFtZTcwNzYxNDg3OA@@._V1_SX300.jpg","imdbRating":"8.5","imdbVotes":"66,811","imdbID":"tt0036775","Type":"movie","Response":"True","0":{"trailer":"https:\/\/www.youtube.com\/v\/yKrrAa2o9Eg?version=3&amp;f=videos&amp;app=youtube_gdata"}}