{"Title":"The Dark Knight Rises","Year":"2012","Rated":"PG-13","Released":"20 Jul 2012","Runtime":"2 h 45 min","Genre":"Action, Crime, Thriller","Director":"Christopher Nolan","Writer":"Jonathan Nolan, Christopher Nolan","Actors":"Christian Bale, Tom Hardy, Anne Hathaway, Gary Oldman","Plot":"Eight years on, a new evil rises from where the Batman and Commissioner Gordon tried to bury it, causing the Batman to resurface and fight to protect Gotham City... the very city which brands him an enemy.","Poster":"http:\/\/ia.media-imdb.com\/images\/M\/MV5BMTk4ODQzNDY3Ml5BMl5BanBnXkFtZTcwODA0NTM4Nw@@._V1_SX300.jpg","imdbRating":"8.5","imdbVotes":"687,392","imdbID":"tt1345836","Type":"movie","Response":"True","0":{"trailer":"https:\/\/www.youtube.com\/v\/g8evyE9TuYk?version=3&amp;f=videos&amp;app=youtube_gdata"}}