{"Title":"Aliens","Year":"1986","Rated":"R","Released":"18 Jul 1986","Runtime":"2 h 34 min","Genre":"Action, Adventure, Sci-Fi, Thriller","Director":"James Cameron","Writer":"James Cameron, David Giler","Actors":"Sigourney Weaver, Michael Biehn, Carrie Henn, Paul Reiser","Plot":"The planet from 'Alien' has been colonized, but contact is lost. This time, the rescue team has impressive firepower, but will it be enough?","Poster":"http:\/\/ia.media-imdb.com\/images\/M\/MV5BMTYzNzU5MzQ4OV5BMl5BanBnXkFtZTcwMDcxNDg3OA@@._V1_SX300.jpg","imdbRating":"8.5","imdbVotes":"331,518","imdbID":"tt0090605","Type":"movie","Response":"True","0":{"trailer":"rtsp:\/\/r8---sn-4g57kue6.c.youtube.com\/CiILENy73wIaGQkhIxqFmZCkXBMYDSANFEgGUgZ2aWRlb3MM\/0\/0\/0\/video.3gp"}}