{"Title":"Taxi Driver","Year":"1976","Rated":"R","Released":"08 Feb 1976","Runtime":"1 h 53 min","Genre":"Crime, Drama","Director":"Martin Scorsese","Writer":"Paul Schrader","Actors":"Robert De Niro, Jodie Foster, Cybill Shepherd, Albert Brooks","Plot":"A mentally unstable Viet Nam war veteran works as a night-time taxi driver in New York City where the perceived decadence and sleaze feeds his urge for violent action, attempting to save a preadolescent prostitute in the process.","Poster":"http:\/\/ia.media-imdb.com\/images\/M\/MV5BMTQ1Nzg3MDQwN15BMl5BanBnXkFtZTcwNDE2NDU2MQ@@._V1_SX300.jpg","imdbRating":"8.4","imdbVotes":"323,426","imdbID":"tt0075314","Type":"movie","Response":"True","0":{"trailer":"https:\/\/www.youtube.com\/v\/sLpMx8_TYOo?version=3&amp;f=videos&amp;app=youtube_gdata"}}