{"Title":"American Beauty","Year":"1999","Rated":"R","Released":"01 Oct 1999","Runtime":"2 h 2 min","Genre":"Drama","Director":"Sam Mendes","Writer":"Alan Ball","Actors":"Kevin Spacey, Annette Bening, Thora Birch, Wes Bentley","Plot":"Lester Burnham, a depressed suburban father in a mid-life crisis, decides to turn his hectic life around after developing an infatuation for his daughter's attractive friend.","Poster":"http:\/\/ia.media-imdb.com\/images\/M\/MV5BOTU1MzExMDg3N15BMl5BanBnXkFtZTcwODExNDg3OA@@._V1_SX300.jpg","imdbRating":"8.5","imdbVotes":"563,756","imdbID":"tt0169547","Type":"movie","Response":"True","0":{"trailer":"https:\/\/www.youtube.com\/v\/3ycmmJ6rxA8?version=3&amp;f=videos&amp;app=youtube_gdata"}}