{"Title":"The Green Mile","Year":"1999","Rated":"R","Released":"10 Dec 1999","Runtime":"3 h 9 min","Genre":"Crime, Drama, Fantasy, Mystery","Director":"Frank Darabont","Writer":"Stephen King, Frank Darabont","Actors":"Tom Hanks, Michael Clarke Duncan, David Morse, Bonnie Hunt","Plot":"The lives of guards on Death Row are affected by one of their charges: a black man accused of child murder and rape, yet who has a mysterious gift.","Poster":"http:\/\/ia.media-imdb.com\/images\/M\/MV5BMTUxMzQyNjA5MF5BMl5BanBnXkFtZTYwOTU2NTY3._V1_SX300.jpg","imdbRating":"8.5","imdbVotes":"456,170","imdbID":"tt0120689","Type":"movie","Response":"True","0":{"trailer":"https:\/\/www.youtube.com\/v\/ctRK-4Vt7dA?version=3&amp;f=videos&amp;app=youtube_gdata"}}