{"Title":"The Dark Knight","Year":"2008","Rated":"PG-13","Released":"18 Jul 2008","Runtime":"2 h 32 min","Genre":"Action, Crime, Drama, Thriller","Director":"Christopher Nolan","Writer":"Jonathan Nolan, Christopher Nolan","Actors":"Christian Bale, Heath Ledger, Aaron Eckhart, Michael Caine","Plot":"When Batman, Gordon and Harvey Dent launch an assault on the mob, they let the clown out of the box, the Joker, bent on turning Gotham on itself and bringing any heroes down to his level.","Poster":"http:\/\/ia.media-imdb.com\/images\/M\/MV5BMTMxNTMwODM0NF5BMl5BanBnXkFtZTcwODAyMTk2Mw@@._V1_SX300.jpg","imdbRating":"9.0","imdbVotes":"1,050,810","imdbID":"tt0468569","Type":"movie","Response":"True","0":{"trailer":"https:\/\/www.youtube.com\/v\/yQ5U8suTUw0?version=3&amp;f=videos&amp;app=youtube_gdata"}}