{"Title":"Gladiator","Year":"2000","Rated":"R","Released":"05 May 2000","Runtime":"2 h 35 min","Genre":"Action, Adventure, Drama","Director":"Ridley Scott","Writer":"David Franzoni, David Franzoni","Actors":"Russell Crowe, Joaquin Phoenix, Connie Nielsen, Oliver Reed","Plot":"When a Roman general is betrayed and his family murdered by an emperor's corrupt son, he comes to Rome as a gladiator to seek revenge.","Poster":"http:\/\/ia.media-imdb.com\/images\/M\/MV5BNTQ2NzI0ODc5MV5BMl5BanBnXkFtZTcwMTA0MTk3OA@@._V1_SX300.jpg","imdbRating":"8.5","imdbVotes":"610,144","imdbID":"tt0172495","Type":"movie","Response":"True","0":{"trailer":"https:\/\/www.youtube.com\/v\/ol67qo3WhJk?version=3&amp;f=videos&amp;app=youtube_gdata"}}