{"Title":"The Intouchables","Year":"2011","Rated":"R","Released":"02 Nov 2011","Runtime":"1 h 52 min","Genre":"Biography, Comedy, Drama","Director":"Olivier Nakache, Eric Toledano","Writer":"Olivier Nakache, Eric Toledano","Actors":"Fran\u00e7ois Cluzet, Omar Sy, Anne Le Ny, Audrey Fleurot","Plot":"After he becomes a quadriplegic from a paragliding accident, an aristocrat hires a young man from the projects to be his caretaker.","Poster":"http:\/\/ia.media-imdb.com\/images\/M\/MV5BMTYxNDA3MDQwNl5BMl5BanBnXkFtZTcwNTU4Mzc1Nw@@._V1_SX300.jpg","imdbRating":"8.5","imdbVotes":"232,430","imdbID":"tt1675434","Type":"movie","Response":"True","0":{"trailer":"https:\/\/www.youtube.com\/v\/34WIbmXkewU?version=3&amp;f=videos&amp;app=youtube_gdata"}}