{"Title":"WALL\u00b7E","Year":"2008","Rated":"G","Released":"27 Jun 2008","Runtime":"1 h 38 min","Genre":"Animation, Adventure, Family, Romance, Sci-Fi","Director":"Andrew Stanton","Writer":"Andrew Stanton, Pete Docter","Actors":"Ben Burtt, Elissa Knight, Jeff Garlin, Fred Willard","Plot":"In the distant future, a small waste collecting robot inadvertently embarks on a space journey that will ultimately decide the fate of mankind.","Poster":"http:\/\/ia.media-imdb.com\/images\/M\/MV5BMTczOTA3MzY2N15BMl5BanBnXkFtZTcwOTYwNjE2MQ@@._V1_SX300.jpg","imdbRating":"8.4","imdbVotes":"433,972","imdbID":"tt0910970","Type":"movie","Response":"True","0":{"trailer":"https:\/\/www.youtube.com\/v\/alIq_wG9FNk?version=3&amp;f=videos&amp;app=youtube_gdata"}}