{"Title":"The Lives of Others","Year":"2006","Rated":"R","Released":"23 Mar 2006","Runtime":"2 h 17 min","Genre":"Drama, Thriller","Director":"Florian Henckel von Donnersmarck","Writer":"Florian Henckel von Donnersmarck","Actors":"Ulrich M\u00fche, Martina Gedeck, Sebastian Koch, Ulrich Tukur","Plot":"In 1984 East Berlin, an agent of the secret police, conducting surveillance on a writer and his lover, finds himself becoming increasingly absorbed by their lives.","Poster":"http:\/\/ia.media-imdb.com\/images\/M\/MV5BNDUzNjYwNDYyNl5BMl5BanBnXkFtZTcwNjU3ODQ0MQ@@._V1_SX300.jpg","imdbRating":"8.5","imdbVotes":"171,007","imdbID":"tt0405094","Type":"movie","Response":"True","0":{"trailer":"https:\/\/www.youtube.com\/v\/FppW5ml4vdw?version=3&amp;f=videos&amp;app=youtube_gdata"}}