{"Title":"Toy Story 3","Year":"2010","Rated":"G","Released":"18 Jun 2010","Runtime":"1 h 43 min","Genre":"Animation, Adventure, Comedy, Family, Fantasy","Director":"Lee Unkrich","Writer":"John Lasseter, Andrew Stanton","Actors":"Tom Hanks, Tim Allen, Joan Cusack, Ned Beatty","Plot":"The toys are mistakenly delivered to a day-care center instead of the attic right before Andy leaves for college, and it's up to Woody to convince the other toys that they weren't abandoned and to return home.","Poster":"http:\/\/ia.media-imdb.com\/images\/M\/MV5BMTgxOTY4Mjc0MF5BMl5BanBnXkFtZTcwNTA4MDQyMw@@._V1_SX300.jpg","imdbRating":"8.4","imdbVotes":"324,092","imdbID":"tt0435761","Type":"movie","Response":"True","0":{"trailer":"https:\/\/www.youtube.com\/v\/JcpWXaA2qeg?version=3&amp;f=videos&amp;app=youtube_gdata"}}