{"Title":"The Great Dictator","Year":"1940","Rated":"Approved","Released":"07 Mar 1941","Runtime":"2 h 5 min","Genre":"Comedy, Drama, War","Director":"Charles Chaplin","Writer":"Charles Chaplin","Actors":"Charles Chaplin, Paulette Goddard, Jack Oakie, Reginald Gardiner","Plot":"Dictator Adenoid Hynkel has a doppelganger, a poor but kind Jewish barber living in the slums, who one day is mistaken for Hynkel.","Poster":"http:\/\/ia.media-imdb.com\/images\/M\/MV5BMTQyNTgyNTQ3N15BMl5BanBnXkFtZTcwMzgyMDYyMQ@@._V1_SX300.jpg","imdbRating":"8.4","imdbVotes":"79,002","imdbID":"tt0032553","Type":"movie","Response":"True","0":{"trailer":"https:\/\/www.youtube.com\/v\/zroWIN-lS8E?version=3&amp;f=videos&amp;app=youtube_gdata"}}