{"Title":"The Prestige","Year":"2006","Rated":"PG-13","Released":"20 Oct 2006","Runtime":"2 h 10 min","Genre":"Drama, Mystery, Thriller","Director":"Christopher Nolan","Writer":"Jonathan Nolan, Christopher Nolan","Actors":"Christian Bale, Hugh Jackman, Scarlett Johansson, Michael Caine","Plot":"The rivalry between two magicians becomes more exacerbated by their attempt to perform the ultimate illusion.","Poster":"http:\/\/ia.media-imdb.com\/images\/M\/MV5BMjA4NDI0MTIxNF5BMl5BanBnXkFtZTYwNTM0MzY2._V1_SX300.jpg","imdbRating":"8.4","imdbVotes":"502,556","imdbID":"tt0482571","Type":"movie","Response":"True","0":{"trailer":"https:\/\/www.youtube.com\/v\/o4gHCmTQDVI?version=3&amp;f=videos&amp;app=youtube_gdata"}}