{"Title":"A Clockwork Orange","Year":"1971","Rated":"X","Released":"02 Feb 1972","Runtime":"2 h 16 min","Genre":"Crime, Drama, Sci-Fi","Director":"Stanley Kubrick","Writer":"Stanley Kubrick, Anthony Burgess","Actors":"Malcolm McDowell, Patrick Magee, Michael Bates, Warren Clarke","Plot":"In future Britain, charismatic delinquent Alex DeLarge is jailed and volunteers for an experimental aversion therapy developed by the government in an effort to solve society's crime problem... but not all goes to plan.","Poster":"http:\/\/ia.media-imdb.com\/images\/M\/MV5BMTY3MjM1Mzc4N15BMl5BanBnXkFtZTgwODM0NzAxMDE@._V1_SX300.jpg","imdbRating":"8.4","imdbVotes":"362,302","imdbID":"tt0066921","Type":"movie","Response":"True","0":{"trailer":"https:\/\/www.youtube.com\/v\/G7fO3bzPeBQ?version=3&amp;f=videos&amp;app=youtube_gdata"}}