{"Title":"Lawrence of Arabia","Year":"1962","Rated":"PG","Released":"30 Jan 1963","Runtime":"3 h 47 min","Genre":"Adventure, Biography, Drama, History, War","Director":"David Lean","Writer":"T.E. Lawrence, Robert Bolt","Actors":"Peter O'Toole, Alec Guinness, Anthony Quinn, Jack Hawkins","Plot":"A flamboyant and controversial British military figure and his conflicted loyalties during his World War I service in Arabia.","Poster":"http:\/\/ia.media-imdb.com\/images\/M\/MV5BMzAwMjM4NzA2OV5BMl5BanBnXkFtZTcwMDI0NzAwMQ@@._V1_SX300.jpg","imdbRating":"8.4","imdbVotes":"131,669","imdbID":"tt0056172","Type":"movie","Response":"True","0":{"trailer":"https:\/\/www.youtube.com\/v\/a3tuBFHuYV4?version=3&amp;f=videos&amp;app=youtube_gdata"}}