{"Title":"Am\u00e9lie","Year":"2001","Rated":"R","Released":"25 Apr 2001","Runtime":"2 h 2 min","Genre":"Comedy, Romance","Director":"Jean-Pierre Jeunet","Writer":"Guillaume Laurant, Jean-Pierre Jeunet","Actors":"Audrey Tautou, Mathieu Kassovitz, Rufus, Lorella Cravotta","Plot":"Amelie, an innocent and naive girl in Paris, with her own sense of justice, decides to help those around her and along the way, discovers love.","Poster":"http:\/\/ia.media-imdb.com\/images\/M\/MV5BMTUwNzkwMTk5Nl5BMl5BanBnXkFtZTYwMDAzMDI5._V1_SX300.jpg","imdbRating":"8.4","imdbVotes":"353,101","imdbID":"tt0211915","Type":"movie","Response":"True","0":{"trailer":"https:\/\/www.youtube.com\/v\/sECzJY07oK4?version=3&amp;f=videos&amp;app=youtube_gdata"}}