{"Title":"12 Angry Men","Year":"1957","Rated":"Approved","Released":"01 Apr 1957","Runtime":"1 h 36 min","Genre":"Drama","Director":"Sidney Lumet","Writer":"Reginald Rose","Actors":"Henry Fonda, Lee J. Cobb, Martin Balsam, John Fiedler","Plot":"A dissenting juror in a murder trial slowly manages to convince the others that the case is not as obviously clear as it seemed in court.","Poster":"http:\/\/ia.media-imdb.com\/images\/M\/MV5BODQwOTc5MDM2N15BMl5BanBnXkFtZTcwODQxNTEzNA@@._V1_SX300.jpg","imdbRating":"8.9","imdbVotes":"266,350","imdbID":"tt0050083","Type":"movie","Response":"True","0":{"trailer":"https:\/\/www.youtube.com\/v\/A7CBKT0PWFA?version=3&amp;f=videos&amp;app=youtube_gdata"}}