{"Title":"To Kill a Mockingbird","Year":"1962","Rated":"Approved","Released":"16 Mar 1963","Runtime":"2 h 9 min","Genre":"Crime, Drama, Mystery","Director":"Robert Mulligan","Writer":"Harper Lee, Horton Foote","Actors":"Gregory Peck, John Megna, Frank Overton, Rosemary Murphy","Plot":"Atticus Finch, a lawyer in the Depression-era South, defends a black man against an undeserved rape charge, and his kids against prejudice.","Poster":"http:\/\/ia.media-imdb.com\/images\/M\/MV5BMjA4MzI1NDY2Nl5BMl5BanBnXkFtZTcwMTcyODc5Mw@@._V1_SX300.jpg","imdbRating":"8.4","imdbVotes":"143,692","imdbID":"tt0056592","Type":"movie","Response":"True","0":{"trailer":"https:\/\/www.youtube.com\/v\/KR7loA_oziY?version=3&amp;f=videos&amp;app=youtube_gdata"}}