{"Title":"Reservoir Dogs","Year":"1992","Rated":"R","Released":"23 Oct 1992","Runtime":"1 h 39 min","Genre":"Crime, Thriller","Director":"Quentin Tarantino","Writer":"Quentin Tarantino, Roger Avary","Actors":"Harvey Keitel, Tim Roth, Michael Madsen, Chris Penn","Plot":"After a simple jewelery heist goes terribly wrong, the surviving criminals begin to suspect that one of them is a police informant.","Poster":"http:\/\/ia.media-imdb.com\/images\/M\/MV5BMTQxMTAwMDQ3Nl5BMl5BanBnXkFtZTcwODMwNTgzMQ@@._V1_SX300.jpg","imdbRating":"8.4","imdbVotes":"419,737","imdbID":"tt0105236","Type":"movie","Response":"True","0":{"trailer":"https:\/\/www.youtube.com\/v\/QvoKT481EmU?version=3&amp;f=videos&amp;app=youtube_gdata"}}