{"Title":"Das Boot","Year":"1981","Rated":"R","Released":"10 Feb 1982","Runtime":"2 h 29 min","Genre":"Action, Adventure, Drama, History, War","Director":"Wolfgang Petersen","Writer":"Wolfgang Petersen, Lothar G. Buchheim","Actors":"J\u00fcrgen Prochnow, Herbert Gr\u00f6nemeyer, Klaus Wennemann, Hubertus Bengsch","Plot":"The claustrophobic world of a WWII German U-boat; boredom, filth, and sheer terror.","Poster":"http:\/\/ia.media-imdb.com\/images\/M\/MV5BMjE5Mzk5OTQ0Nl5BMl5BanBnXkFtZTYwNzUwMTQ5._V1_SX300.jpg","imdbRating":"8.4","imdbVotes":"119,251","imdbID":"tt0082096","Type":"movie","Response":"True","0":{"trailer":"https:\/\/www.youtube.com\/v\/7pzKyeIex2Y?version=3&amp;f=videos&amp;app=youtube_gdata"}}