{"Title":"The Lion King","Year":"1994","Rated":"G","Released":"24 Jun 1994","Runtime":"1 h 29 min","Genre":"Animation, Adventure, Drama, Family, Musical","Director":"Roger Allers, Rob Minkoff","Writer":"Irene Mecchi, Jonathan Roberts","Actors":"Matthew Broderick, Jeremy Irons, James Earl Jones, Whoopi Goldberg","Plot":"Tricked into thinking he killed his father, a guilt ridden lion cub flees into exile and abandons his identity as the future King.","Poster":"http:\/\/ia.media-imdb.com\/images\/M\/MV5BMjEyMzgwNTUzMl5BMl5BanBnXkFtZTcwNTMxMzM3Ng@@._V1_SX300.jpg","imdbRating":"8.4","imdbVotes":"368,630","imdbID":"tt0110357","Type":"movie","Response":"True","0":{"trailer":"https:\/\/www.youtube.com\/v\/4sj1MT05lAA?version=3&amp;f=videos&amp;app=youtube_gdata"}}