{"Title":"Cinema Paradiso","Year":"1988","Rated":"PG","Released":"23 Feb 1990","Runtime":"2 h 35 min","Genre":"Drama","Director":"Giuseppe Tornatore","Writer":"Giuseppe Tornatore, Giuseppe Tornatore","Actors":"Philippe Noiret, Enzo Cannavale, Antonella Attili, Isa Danieli","Plot":"A filmmaker recalls his childhood, when he fell in love with the movies at his village's theater and formed a deep friendship with the theater's projectionist.","Poster":"http:\/\/ia.media-imdb.com\/images\/M\/MV5BNDMwNDk3NDQ0Nl5BMl5BanBnXkFtZTcwNjEwMjI2MQ@@._V1_SX300.jpg","imdbRating":"8.4","imdbVotes":"93,606","imdbID":"tt0095765","Type":"movie","Response":"True","0":{"trailer":"https:\/\/www.youtube.com\/v\/C2-GX0Tltgw?version=3&amp;f=videos&amp;app=youtube_gdata"}}