{"Title":"Star Wars: Episode VI - Return of the Jedi","Year":"1983","Rated":"PG","Released":"25 May 1983","Runtime":"2 h 14 min","Genre":"Action, Adventure, Fantasy, Sci-Fi","Director":"Richard Marquand","Writer":"Lawrence Kasdan, George Lucas","Actors":"Mark Hamill, Harrison Ford, Carrie Fisher, Billy Dee Williams","Plot":"After rescuing Han Solo from the palace of Jabba the Hutt, the Rebels attempt to destroy the Second Death Star, while Luke Skywalker tries to bring his father back to the Light Side of the Force.","Poster":"http:\/\/ia.media-imdb.com\/images\/M\/MV5BMjE5MTM3ODU5MV5BMl5BanBnXkFtZTcwOTYzNjk2OQ@@._V1_SX300.jpg","imdbRating":"8.4","imdbVotes":"413,603","imdbID":"tt0086190","Type":"movie","Response":"True","0":{"trailer":"https:\/\/www.youtube.com\/v\/OvUh9_GFXA0?version=3&amp;f=videos&amp;app=youtube_gdata"}}