{"Title":"The Treasure of the Sierra Madre","Year":"1948","Rated":"Approved","Released":"24 Jan 1948","Runtime":"2 h 6 min","Genre":"Action, Adventure, Drama, Western","Director":"John Huston","Writer":"John Huston, B. Traven","Actors":"Humphrey Bogart, Walter Huston, Tim Holt, Bruce Bennett","Plot":"Fred Dobbs and Bob Curtin, two Americans searching for work in Mexico, convince an old prospector to help them mine for gold in the Sierra Madre Mountains.","Poster":"http:\/\/ia.media-imdb.com\/images\/M\/MV5BMjEyMjU0ODM3OV5BMl5BanBnXkFtZTcwNDkyMTUyMg@@._V1_SX300.jpg","imdbRating":"8.4","imdbVotes":"55,638","imdbID":"tt0040897","Type":"movie","Response":"True","0":{"trailer":"https:\/\/www.youtube.com\/v\/vGpvO8JabEc?version=3&amp;f=videos&amp;app=youtube_gdata"}}