{"Title":"The Third Man","Year":"1949","Rated":"Approved","Released":"31 Aug 1949","Runtime":"1 h 33 min","Genre":"Film-Noir, Mystery, Thriller","Director":"Carol Reed","Writer":"Graham Greene, Graham Greene","Actors":"Orson Welles, Joseph Cotten, Alida Valli, Trevor Howard","Plot":"Pulp novelist Holly Martins travels to shadowy, postwar Vienna, only to find himself investigating the mysterious death of an old friend, black-market opportunist Harry Lime.","Poster":"http:\/\/ia.media-imdb.com\/images\/M\/MV5BMTYzOTAxNzAyNl5BMl5BanBnXkFtZTcwNjc0OTM0MQ@@._V1_SX300.jpg","imdbRating":"8.4","imdbVotes":"81,528","imdbID":"tt0041959","Type":"movie","Response":"True","0":{"trailer":"https:\/\/www.youtube.com\/v\/HjMDg1Z9_gA?version=3&amp;f=videos&amp;app=youtube_gdata"}}