{"Title":"Once Upon a Time in America","Year":"1984","Rated":"R","Released":"23 May 1984","Runtime":"2 h 19 min","Genre":"Crime, Drama","Director":"Sergio Leone","Writer":"Harry Grey, Leonardo Benvenuti","Actors":"Robert De Niro, James Woods, Elizabeth McGovern, Joe Pesci","Plot":"A former Prohibition-era Jewish gangster returns to the Lower East Side of Manhattan over thirty years later, where he once again must confront the ghosts and regrets of his old life.","Poster":"http:\/\/ia.media-imdb.com\/images\/M\/MV5BNDMwMDcyODkzOV5BMl5BanBnXkFtZTcwNTQ1Njg3OA@@._V1_SX300.jpg","imdbRating":"8.4","imdbVotes":"148,708","imdbID":"tt0087843","Type":"movie","Response":"True","0":{"trailer":"https:\/\/www.youtube.com\/v\/mzhX2PD6Srw?version=3&amp;f=videos&amp;app=youtube_gdata"}}