{"Title":"Requiem for a Dream","Year":"2000","Rated":"Unrated","Released":"27 Oct 2000","Runtime":"1 h 42 min","Genre":"Drama","Director":"Darren Aronofsky","Writer":"Hubert Selby Jr., Hubert Selby Jr.","Actors":"Ellen Burstyn, Jared Leto, Jennifer Connelly, Marlon Wayans","Plot":"The drug-induced utopias of four Coney Island individuals are shattered when their addictions become stronger.","Poster":"http:\/\/ia.media-imdb.com\/images\/M\/MV5BMzM2OTYwMTY4Nl5BMl5BanBnXkFtZTcwMjU1Njg3OA@@._V1_SX300.jpg","imdbRating":"8.4","imdbVotes":"384,686","imdbID":"tt0180093","Type":"movie","Response":"True","0":{"trailer":"https:\/\/www.youtube.com\/v\/jzk-lmU4KZ4?version=3&amp;f=videos&amp;app=youtube_gdata"}}