{"Title":"Schindler's List","Year":"1993","Rated":"R","Released":"15 Dec 1993","Runtime":"3 h 15 min","Genre":"Biography, Drama, History, War","Director":"Steven Spielberg","Writer":"Thomas Keneally, Steven Zaillian","Actors":"Liam Neeson, Ralph Fiennes, Ben Kingsley, Caroline Goodall","Plot":"In Poland during World War II, Oskar Schindler gradually becomes concerned for his Jewish workforce after witnessing their persecution by the Nazis.","Poster":"http:\/\/ia.media-imdb.com\/images\/M\/MV5BMzMwMTM4MDU2N15BMl5BanBnXkFtZTgwMzQ0MjMxMDE@._V1_SX300.jpg","imdbRating":"8.9","imdbVotes":"553,804","imdbID":"tt0108052","Type":"movie","Response":"True","0":{"trailer":"https:\/\/www.youtube.com\/v\/dwfIf1WMhgc?version=3&amp;f=videos&amp;app=youtube_gdata"}}