{"Title":"Eternal Sunshine of the Spotless Mind","Year":"2004","Rated":"R","Released":"19 Mar 2004","Runtime":"1 h 48 min","Genre":"Drama, Romance, Sci-Fi","Director":"Michel Gondry","Writer":"Charlie Kaufman, Michel Gondry","Actors":"Jim Carrey, Kate Winslet, Tom Wilkinson, Gerry Robert Byrne","Plot":"A couple undergo a procedure to erase each other from their memories when their relationship turns sour, but it is only through the process of loss that they discover what they had to begin with.","Poster":"http:\/\/ia.media-imdb.com\/images\/M\/MV5BMTY4NzcwODg3Nl5BMl5BanBnXkFtZTcwNTEwOTMyMw@@._V1_SX300.jpg","imdbRating":"8.4","imdbVotes":"442,816","imdbID":"tt0338013","Type":"movie","Response":"True","0":{"trailer":"https:\/\/www.youtube.com\/v\/lnSgSe2GzDc?version=3&amp;f=videos&amp;app=youtube_gdata"}}