{"Title":"Full Metal Jacket","Year":"1987","Rated":"R","Released":"26 Jun 1987","Runtime":"1 h 56 min","Genre":"Drama, War","Director":"Stanley Kubrick","Writer":"Gustav Hasford, Stanley Kubrick","Actors":"Matthew Modine, R. Lee Ermey, Vincent D'Onofrio, Adam Baldwin","Plot":"A pragmatic U.S. Marine observes the dehumanizing effects the U.S.-Vietnam War has on his fellow recruits from their brutal boot camp training to the bloody street fighting in Hue.","Poster":"http:\/\/ia.media-imdb.com\/images\/M\/MV5BNDAzMjU3NzE0Nl5BMl5BanBnXkFtZTcwNTk1ODg3OA@@._V1_SX300.jpg","imdbRating":"8.3","imdbVotes":"310,666","imdbID":"tt0093058","Type":"movie","Response":"True","0":{"trailer":"https:\/\/www.youtube.com\/v\/5IQqG0O8oQg?version=3&amp;f=videos&amp;app=youtube_gdata"}}