{"Title":"Oldboy","Year":"2003","Rated":"R","Released":"21 Nov 2003","Runtime":"2 h","Genre":"Drama, Mystery, Thriller","Director":"Chan-wook Park","Writer":"Garon Tsuchiya, Nobuaki Minegishi","Actors":"Min-sik Choi, Ji-tae Yu, Hye-jeong Kang, Dae-han Ji","Plot":"After being kidnapped and imprisoned for 15 years, Oh Dae-Su is released, only to find that he must find his captor in 5 days.","Poster":"http:\/\/ia.media-imdb.com\/images\/M\/MV5BMTI3NTQyMzU5M15BMl5BanBnXkFtZTcwMTM2MjgyMQ@@._V1_SX300.jpg","imdbRating":"8.4","imdbVotes":"219,523","imdbID":"tt0364569","Type":"movie","Response":"True","0":{"trailer":"https:\/\/www.youtube.com\/v\/ZrLcnrnEqyI?version=3&amp;f=videos&amp;app=youtube_gdata"}}