{"Title":"Braveheart","Year":"1995","Rated":"R","Released":"24 May 1995","Runtime":"2 h 57 min","Genre":"Action, Biography, Drama, History, War","Director":"Mel Gibson","Writer":"Randall Wallace","Actors":"Mel Gibson, Sophie Marceau, Patrick McGoohan, Angus Macfadyen","Plot":"When his secret bride is executed for assaulting an English soldier who tried to rape her, a commoner begins a revolt and leads Scottish warriors against the cruel English tyrant who rules Scotland with an iron fist.","Poster":"http:\/\/ia.media-imdb.com\/images\/M\/MV5BNjA4ODYxMDU3Nl5BMl5BanBnXkFtZTcwMzkzMTk3OA@@._V1_SX300.jpg","imdbRating":"8.4","imdbVotes":"483,156","imdbID":"tt0112573","Type":"movie","Response":"True","0":{"trailer":"https:\/\/www.youtube.com\/v\/vbnGDeq40hI?version=3&amp;f=videos&amp;app=youtube_gdata"}}