{"Title":"L.A. Confidential","Year":"1997","Rated":"TV-MA","Released":"19 Sep 1997","Runtime":"2 h 18 min","Genre":"Crime, Drama, Mystery, Thriller","Director":"Curtis Hanson","Writer":"James Ellroy, Brian Helgeland","Actors":"Kevin Spacey, Russell Crowe, Guy Pearce, Kim Basinger","Plot":"As corruption grows in 1950s LA, three policemen - the straight-laced, the brutal, and the sleazy - investigate a series of murders with their own brand of justice.","Poster":"http:\/\/ia.media-imdb.com\/images\/M\/MV5BMTQ5MTU4MzQ5NF5BMl5BanBnXkFtZTcwMjY1OTM2MQ@@._V1_SX300.jpg","imdbRating":"8.3","imdbVotes":"300,931","imdbID":"tt0119488","Type":"movie","Response":"True","0":{"trailer":"https:\/\/www.youtube.com\/v\/C4XbnrmbEME?version=3&amp;f=videos&amp;app=youtube_gdata"}}