{"Title":"Bicycle Thieves","Year":"1948","Rated":"Not Rated","Released":"13 Dec 1949","Runtime":"1 h 33 min","Genre":"Crime, Drama","Director":"Vittorio De Sica","Writer":"Luigi Bartolini, Cesare Zavattini","Actors":"Lamberto Maggiorani, Enzo Staiola, Lianella Carell, Gino Saltamerenda","Plot":"A man and his son search for a stolen bicycle vital for his job.","Poster":"http:\/\/ia.media-imdb.com\/images\/M\/MV5BMjA5MDY0NzM2M15BMl5BanBnXkFtZTcwNzI2NTA0MQ@@._V1_SX300.jpg","imdbRating":"8.4","imdbVotes":"57,797","imdbID":"tt0040522","Type":"movie","Response":"True","0":{"trailer":"https:\/\/www.youtube.com\/v\/H3jnzXX9mXs?version=3&amp;f=videos&amp;app=youtube_gdata"}}