{"Title":"Chinatown","Year":"1974","Rated":"TV-14","Released":"20 Jun 1974","Runtime":"2 h 10 min","Genre":"Crime, Drama, Mystery, Thriller","Director":"Roman Polanski","Writer":"Robert Towne","Actors":"Jack Nicholson, Faye Dunaway, John Huston, Perry Lopez","Plot":"A private detective hired to expose an adulterer finds himself caught up in a web of deceit, corruption and murder.","Poster":"http:\/\/ia.media-imdb.com\/images\/M\/MV5BMTUyMTQ1NjA2OV5BMl5BanBnXkFtZTcwODQ1Njg3OA@@._V1_SX300.jpg","imdbRating":"8.3","imdbVotes":"148,870","imdbID":"tt0071315","Type":"movie","Response":"True","0":{"trailer":"https:\/\/www.youtube.com\/v\/FueLhmwT8E4?version=3&amp;f=videos&amp;app=youtube_gdata"}}