{"Title":"Singin' in the Rain","Year":"1952","Rated":"G","Released":"11 Apr 1952","Runtime":"1 h 43 min","Genre":"Comedy, Musical, Romance","Director":"Stanley Donen, Gene Kelly","Writer":"Adolph Green, Betty Comden","Actors":"Gene Kelly, Donald O'Connor, Debbie Reynolds, Jean Hagen","Plot":"A silent film production company and cast make a difficult transition to sound.","Poster":"http:\/\/ia.media-imdb.com\/images\/M\/MV5BMTUxMTIyNTI4Nl5BMl5BanBnXkFtZTcwNTk1ODQyMg@@._V1_SX300.jpg","imdbRating":"8.4","imdbVotes":"100,590","imdbID":"tt0045152","Type":"movie","Response":"True","0":{"trailer":"https:\/\/www.youtube.com\/v\/36QiuRc_3I8?version=3&amp;f=videos&amp;app=youtube_gdata"}}