{"Title":"Princess Mononoke","Year":"1997","Rated":"PG-13","Released":"26 Nov 1999","Runtime":"2 h 14 min","Genre":"Animation, Adventure, Fantasy","Director":"Hayao Miyazaki","Writer":"Hayao Miyazaki","Actors":"Y\u00f4ji Matsuda, Yuriko Ishida, Y\u00fbko Tanaka, Billy Crudup","Plot":"On a journey to find the cure for a Tatarigami's curse, Ashitaka finds himself in the middle of a war between the forest gods and Tatara, a mining colony. In this quest he also meets San, the Mononoke Hime.","Poster":"http:\/\/ia.media-imdb.com\/images\/M\/MV5BMjgzNTUwODQzN15BMl5BanBnXkFtZTcwMTc4ODE3OQ@@._V1_SX300.jpg","imdbRating":"8.4","imdbVotes":"136,806","imdbID":"tt0119698","Type":"movie","Response":"True","0":{"trailer":"https:\/\/www.youtube.com\/v\/pkWWWKKA8jY?version=3&amp;f=videos&amp;app=youtube_gdata"}}