{"Title":"Monty Python and the Holy Grail","Year":"1975","Rated":"PG","Released":"25 May 1975","Runtime":"1 h 31 min","Genre":"Adventure, Comedy, Fantasy","Director":"Terry Gilliam, Terry Jones","Writer":"Graham Chapman, John Cleese","Actors":"Graham Chapman, John Cleese, Eric Idle, Terry Gilliam","Plot":"King Arthur and his knights embark on a low-budget search for the Grail, encountering many very silly obstacles.","Poster":"http:\/\/ia.media-imdb.com\/images\/M\/MV5BMTkzODczMTgwM15BMl5BanBnXkFtZTYwNTAwODI5._V1_SX300.jpg","imdbRating":"8.3","imdbVotes":"268,670","imdbID":"tt0071853","Type":"movie","Response":"True","0":{"trailer":"https:\/\/www.youtube.com\/v\/RDM75-oXGmQ?version=3&amp;f=videos&amp;app=youtube_gdata"}}