{"Title":"The Lord of the Rings: The Return of the King","Year":"2003","Rated":"PG-13","Released":"17 Dec 2003","Runtime":"3 h 21 min","Genre":"Action, Adventure, Fantasy","Director":"Peter Jackson","Writer":"J.R.R. Tolkien, Fran Walsh","Actors":"Elijah Wood, Viggo Mortensen, Ian McKellen, Orlando Bloom","Plot":"Gandalf and Aragorn lead the World of Men against Sauron's army to draw his gaze from Frodo and Sam as they approach Mount Doom with the One Ring.","Poster":"http:\/\/ia.media-imdb.com\/images\/M\/MV5BMjE4MjA1NTAyMV5BMl5BanBnXkFtZTcwNzM1NDQyMQ@@._V1_SX300.jpg","imdbRating":"8.9","imdbVotes":"767,958","imdbID":"tt0167260","Type":"movie","Response":"True","0":{"trailer":"https:\/\/www.youtube.com\/v\/r5X-hFf6Bwo?version=3&amp;f=videos&amp;app=youtube_gdata"}}