{"Title":"Metropolis","Year":"1927","Rated":"Not Rated","Released":"13 Mar 1927","Runtime":"1 h 54 min","Genre":"Drama, Sci-Fi","Director":"Fritz Lang","Writer":"Thea von Harbou, Thea von Harbou","Actors":"Brigitte Helm, Alfred Abel, Gustav Fr\u00f6hlich, Rudolf Klein-Rogge","Plot":"In a futuristic city sharply divided between the working class and the city planners, the son of the city's mastermind falls in love with a working class prophet who predicts the coming of a savior to mediate their differences.","Poster":"http:\/\/ia.media-imdb.com\/images\/M\/MV5BNDAzNTkyODg1MF5BMl5BanBnXkFtZTgwMDA3NDkwMDE@._V1_SX300.jpg","imdbRating":"8.4","imdbVotes":"75,994","imdbID":"tt0017136","Type":"movie","Response":"True","0":{"trailer":"https:\/\/www.youtube.com\/v\/ZSExdX0tds4?version=3&amp;f=videos&amp;app=youtube_gdata"}}