{"Title":"Rashomon","Year":"1950","Rated":"Unrated","Released":"26 Dec 1951","Runtime":"1 h 28 min","Genre":"Crime, Drama","Director":"Akira Kurosawa","Writer":"Ry\u00fbnosuke Akutagawa, Akira Kurosawa","Actors":"Toshir\u00f4 Mifune, Machiko Ky\u00f4, Masayuki Mori, Takashi Shimura","Plot":"A heinous crime and its aftermath are recalled from differing points of view.","Poster":"http:\/\/ia.media-imdb.com\/images\/M\/MV5BMjEzMzA4NDE2OF5BMl5BanBnXkFtZTcwNTc5MDI2NQ@@._V1_SX300.jpg","imdbRating":"8.4","imdbVotes":"69,263","imdbID":"tt0042876","Type":"movie","Response":"True","0":{"trailer":"https:\/\/www.youtube.com\/v\/xCZ9TguVOIA?version=3&amp;f=videos&amp;app=youtube_gdata"}}