{"Title":"Some Like It Hot","Year":"1959","Rated":"Approved","Released":"29 Mar 1959","Runtime":"2 h","Genre":"Comedy","Director":"Billy Wilder","Writer":"Billy Wilder, I.A.L. Diamond","Actors":"Marilyn Monroe, Tony Curtis, Jack Lemmon, George Raft","Plot":"When two musicians witness a mob hit, they flee the state in an all female band disguised as women, but further complications set in.","Poster":"http:\/\/ia.media-imdb.com\/images\/M\/MV5BNzYzMDkzNDQ0N15BMl5BanBnXkFtZTcwNzQ0NDQyNA@@._V1_SX300.jpg","imdbRating":"8.3","imdbVotes":"120,784","imdbID":"tt0053291","Type":"movie","Response":"True","0":{"trailer":"https:\/\/www.youtube.com\/v\/rI_lUHOCcbc?version=3&amp;f=videos&amp;app=youtube_gdata"}}