{"Title":"Amadeus","Year":"1984","Rated":"PG","Released":"19 Sep 1984","Runtime":"2 h 40 min","Genre":"Biography, Drama, Music","Director":"Milos Forman","Writer":"Peter Shaffer, Peter Shaffer","Actors":"F. Murray Abraham, Tom Hulce, Elizabeth Berridge, Roy Dotrice","Plot":"The incredible story of Wolfgang Amadeus Mozart, told by his peer and secret rival Antonio Salieri - now confined to an insane asylum.","Poster":"http:\/\/ia.media-imdb.com\/images\/M\/MV5BMTg5NDkwMTk5N15BMl5BanBnXkFtZTYwODg3MDk2._V1_SX300.jpg","imdbRating":"8.3","imdbVotes":"183,901","imdbID":"tt0086879","Type":"movie","Response":"True","0":{"trailer":"https:\/\/www.youtube.com\/v\/yIzhAKtEzY0?version=3&amp;f=videos&amp;app=youtube_gdata"}}