{"Title":"2001: A Space Odyssey","Year":"1968","Rated":"G","Released":"11 Apr 1968","Runtime":"2 h 40 min","Genre":"Adventure, Mystery, Sci-Fi","Director":"Stanley Kubrick","Writer":"Stanley Kubrick, Arthur C. Clarke","Actors":"Keir Dullea, Gary Lockwood, William Sylvester, Daniel Richter","Plot":"Humanity finds a mysterious, obviously artificial, object buried beneath the Lunar surface and, with the intelligent computer H.A.L. 9000, sets off on a quest.","Poster":"http:\/\/ia.media-imdb.com\/images\/M\/MV5BNDYyMDgxNDQ5Nl5BMl5BanBnXkFtZTcwMjc1ODg3OA@@._V1_SX300.jpg","imdbRating":"8.3","imdbVotes":"278,502","imdbID":"tt0062622","Type":"movie","Response":"True","0":{"trailer":"https:\/\/www.youtube.com\/v\/N6ywMnbef6Y?version=3&amp;f=videos&amp;app=youtube_gdata"}}