{"Title":"All About Eve","Year":"1950","Rated":"Approved","Released":"15 Jan 1951","Runtime":"2 h 18 min","Genre":"Drama","Director":"Joseph L. Mankiewicz","Writer":"Joseph L. Mankiewicz","Actors":"Bette Davis, Anne Baxter, George Sanders, Celeste Holm","Plot":"An ingenue insinuates herself in to the company of an established but aging stage actress and her circle of theater friends.","Poster":"http:\/\/ia.media-imdb.com\/images\/M\/MV5BMjE4MDg3ODUzMF5BMl5BanBnXkFtZTcwODY1ODg3OA@@._V1_SX300.jpg","imdbRating":"8.4","imdbVotes":"57,605","imdbID":"tt0042192","Type":"movie","Response":"True","0":{"trailer":"https:\/\/www.youtube.com\/v\/uHVYTPFgCqE?version=3&amp;f=videos&amp;app=youtube_gdata"}}