{"Title":"Witness for the Prosecution","Year":"1957","Rated":"Approved","Released":"06 Feb 1958","Runtime":"1 h 56 min","Genre":"Drama, Mystery","Director":"Billy Wilder","Writer":"Agatha Christie, Billy Wilder","Actors":"Tyrone Power, Marlene Dietrich, Charles Laughton, Elsa Lanchester","Plot":"Agatha Christie tale of a man on trial for murder: a trial featuring surprise after surprise.","Poster":"http:\/\/ia.media-imdb.com\/images\/M\/MV5BMTc0MjgyNTUyNF5BMl5BanBnXkFtZTcwNDQzMDg0Nw@@._V1_SX300.jpg","imdbRating":"8.4","imdbVotes":"36,591","imdbID":"tt0051201","Type":"movie","Response":"True","0":{"trailer":"https:\/\/www.youtube.com\/v\/KsVN1hv9D5c?version=3&amp;f=videos&amp;app=youtube_gdata"}}