{"Title":"The Sting","Year":"1973","Rated":"PG","Released":"10 Jan 1974","Runtime":"2 h 9 min","Genre":"Comedy, Crime, Drama","Director":"George Roy Hill","Writer":"David S. Ward","Actors":"Paul Newman, Robert Redford, Robert Shaw, Charles Durning","Plot":"In 1930s Chicago, a young con man seeking revenge for his murdered partner teams up with a master of the big con to win a fortune from a criminal banker.","Poster":"http:\/\/ia.media-imdb.com\/images\/M\/MV5BMTY2OTM3Njk2MF5BMl5BanBnXkFtZTYwNzk4Njk4._V1_SX300.jpg","imdbRating":"8.3","imdbVotes":"118,638","imdbID":"tt0070735","Type":"movie","Response":"True","0":{"trailer":"https:\/\/www.youtube.com\/v\/5-Fh2pMLFOM?version=3&amp;f=videos&amp;app=youtube_gdata"}}