{"Title":"The Apartment","Year":"1960","Rated":"Approved","Released":"16 Sep 1960","Runtime":"2 h 5 min","Genre":"Comedy, Drama, Romance","Director":"Billy Wilder","Writer":"Billy Wilder, I.A.L. Diamond","Actors":"Jack Lemmon, Shirley MacLaine, Fred MacMurray, Ray Walston","Plot":"A man tries to rise in his company by letting its executives use his apartment for trysts, but complications and a romance of his own ensue.","Poster":"http:\/\/ia.media-imdb.com\/images\/M\/MV5BMTM1OTc4MzgzNl5BMl5BanBnXkFtZTcwNTE2NjgyMw@@._V1_SX300.jpg","imdbRating":"8.3","imdbVotes":"71,253","imdbID":"tt0053604","Type":"movie","Response":"True","0":{"trailer":"https:\/\/www.youtube.com\/v\/B4OXm9-E8OQ?version=3&amp;f=videos&amp;app=youtube_gdata"}}