{"Title":"Grave of the Fireflies","Year":"1988","Rated":"Unrated","Released":"16 Apr 1988","Runtime":"1 h 29 min","Genre":"Animation, Drama, War","Director":"Isao Takahata","Writer":"Akiyuki Nosaka, Isao Takahata","Actors":"Tsutomu Tatsumi, Ayano Shiraishi, Akemi Yamaguchi, Yoshiko Shinohara","Plot":"A tragic film covering a young boy and his little sister's struggle to survive in Japan during World War II.","Poster":"http:\/\/ia.media-imdb.com\/images\/M\/MV5BMjA0MzgwMTU4MV5BMl5BanBnXkFtZTcwODYxNjEzMQ@@._V1_SX300.jpg","imdbRating":"8.4","imdbVotes":"76,471","imdbID":"tt0095327","Type":"movie","Response":"True","0":{"trailer":"https:\/\/www.youtube.com\/v\/hxv9ghINEhs?version=3&amp;f=videos&amp;app=youtube_gdata"}}